{"cameraMode":{"drawMode":0,"name":"Shaded","section":"Shading Mode"},"sceneLighting":true,"audioPlay":false,"sceneViewState":{"m_AlwaysRefresh":false,"showFog":true,"showSkybox":true,"showFlares":true,"showImageEffects":true,"showParticleSystems":true,"showVisualEffectGraphs":true,"m_FxEnabled":true},"in2DMode":false,"pivot":{"x":1249.5443115234375,"y":194.62850952148438,"z":2682.663818359375},"rotation":{"x":0.17210330069065095,"y":-0.06938284635543823,"z":0.012155835516750813,"w":0.9825664758682251},"size":26.272159576416017,"orthographic":false}